{"name":{"0":"Zhongzheng District","1":"Banqiao District","2":"Taoyuan District","3":"Beitun District","4":"Annan District","5":"Sanmin District","6":"Da'an District","7":"Yonghe District","8":"Bade District","9":"Qianzhen District","10":"Fengshan District","11":"Xinyi District","12":"Xindian District"},"population":{"0":159598,"1":551452,"2":441287,"3":275207,"4":192327,"5":343203,"6":309835,"7":222531,"8":198473,"9":189623,"10":359125,"11":225561,"12":302070},"city":{"0":"Taipei City","1":"New Taipei City","2":"Taoyuan City","3":"Taichung City","4":"Tainan City","5":"Kaohsiung City","6":"Taipei City","7":"New Taipei City","8":"Taoyuan City","9":"Kaohsiung City","10":"Kaohsiung City","11":"Taipei City","12":"New Taipei City"}}